{
  "director_photo": "https://i.postimg.cc/HLwm2xp1/9d4f801b-36c6-452a-88f9-8a2d86c94d3c.jpg",
  "director_photo_2": "https://i.postimg.cc/HLwm2xp1/9d4f801b-36c6-452a-88f9-8a2d86c94d3c.jpg",
  "director_message": "Chers partenaires, clients et collaborateurs,\n\nDepuis la création de ON AFRICA TP en 2009, notre vision a toujours été claire : **construire l'Afrique de demain, aujourd'hui**. Cette mission guide chacune de nos actions et inspire notre engagement quotidien.\n\nAu fil des années, nous avons su nous imposer comme un acteur de référence dans les domaines du BTP, de la logistique et des travaux publics. Cette réussite, nous la devons à la confiance que vous nous accordez, mais aussi à l'excellence de nos équipes et à notre approche innovante.\n\nDans un continent en pleine transformation, nous continuons d'investir dans les technologies les plus avancées et dans la formation de nos équipes pour vous offrir des solutions toujours plus performantes et durables.\n\nNotre engagement va au-delà de la simple réalisation de projets. Nous participons activement au développement économique et social de nos communautés, en privilégiant les emplois locaux et les pratiques respectueuses de l'environnement.\n\nJe tiens à remercier tous nos partenaires qui nous font confiance et nos collaborateurs qui s'investissent quotidiennement pour maintenir notre niveau d'excellence.\n\n**Ensemble, continuons à bâtir l'Afrique de demain !**",
  "director_name": "Directeur Général",
  "director_title": "ON AFRICA TP.sarl"
}